Module ID,Module Name,Feature Count,Feature ID,Feature Description,Status of current prototype,Suggestions
A,Accessibility & Login,2,A1,System should be able to ask for login credentials,Yes,
A,Accessibility & Login,2,A2,System should be able to reset username and password,Yes,
B,Authorization,3,B1,System should be able to have multiple types of user access,Yes,
B,Authorization,3,B2,System Administrator should be able to add delete and edit accounts,yes,
B,Authorization,3,B3,Capability to allow Authorized User to add delete and edit list of values,No,"As per LOB,Hierarchy- List Control to perform LOV "
C,Client Onboarding,9,C1,Capability to allow users to create prospect/record,Yes,
C,Client Onboarding,9,C2,Capability to allow users to update prospect/record,Yes,
C,Client Onboarding,9,C3,Capability to allow users to convert prospect into client record,Yes,
C,Client Onboarding,9,C4,Capability to allow users to delete prospect/record,No,Could be displayed in Opened items.
C,Client Onboarding,9,C5,Capability to allow users to upload client documents,No,Document management or CAMS 
C,Client Onboarding,9,C6,System validates client documents,Yes,
C,Client Onboarding,9,C7,System links documents to client records,Yes,
C,Client Onboarding,9,C8,Capability to allow users to search clients,Yes,
C,Client Onboarding,9,C9,System generates unique client code,Yes,
D,Quotation Or Proposal,9,D1,Quote generation functionality,Yes,
D,Quotation Or Proposal,9,D2,Premium calculations,yes,May vary as per clients 
D,Quotation Or Proposal,9,D3,Proposal tracking,no,we do not have separate buckets
D,Quotation Or Proposal,9,D4,Multi-insurer comparison,Yes,
D,Quotation Or Proposal,9,D5,Quote versioning,yes,Coinsurance is applicable
D,Quotation Or Proposal,9,D6,Approval workflows,yes ,Insurance company to  broker
D,Quotation Or Proposal,9,D7,Quote validity management,no,
D,Quotation Or Proposal,9,D8,Discount application,yes,
D,Quotation Or Proposal,9,D9,Quote to policy conversion,Yes,
E,Account Creation And Maintenance,11,E1,Account creation,Yes,
E,Account Creation And Maintenance,11,E2,Account updates,Yes,
E,Account Creation And Maintenance,11,E3,Account hierarchy management,Yes,
E,Account Creation And Maintenance,11,E4,Account linking,Yes,
E,Account Creation And Maintenance,11,E5,Maintenance scheduling,Yes,
E,Account Creation And Maintenance,11,E6,Account status management,Yes,
E,Account Creation And Maintenance,11,E7,Account segmentation,yes,
E,Account Creation And Maintenance,11,E8,Account merging capabilities,Yes,
E,Account Creation And Maintenance,11,E9,Account archival,No,
E,Account Creation And Maintenance,11,E10,Account restoration,No,
E,Account Creation And Maintenance,11,E11,Account audit trail,Yes,
F,Placement & Booking,8,F1,Policy placement management,Yes,
F,Placement & Booking,8,F2,Booking confirmation,No,
F,Placement & Booking,8,F3,Placement tracking,No,
F,Placement & Booking,8,F4,Multi-insurer placement,Yes,
F,Placement & Booking,8,F5,Booking validation,Yes,
F,Placement & Booking,8,F6,Placement documentation,No,
F,Placement & Booking,8,F7,Booking amendments,No,
F,Placement & Booking,8,F8,Placement reporting,No,
G,Marketing Collection,11,G1,Lead collection,Yes,
G,Marketing Collection,11,G2,Campaign tracking,No,
G,Marketing Collection,11,G3,Performance analytics,Yes,
G,Marketing Collection,11,G4,ROI measurement,No,
G,Marketing Collection,11,G5,Lead scoring,No,
G,Marketing Collection,11,G6,Campaign management,No,
G,Marketing Collection,11,G7,Marketing automation,No,
G,Marketing Collection,11,G8,Email marketing,No,
G,Marketing Collection,11,G9,Social media integration,No,
G,Marketing Collection,11,G10,Marketing reports,No,
G,Marketing Collection,11,G11,Lead distribution,No,
H,Renewal,10,H1,Renewal notifications,Yes,
H,Renewal,10,H2,Auto-renewal processing,Yes,
H,Renewal,10,H3,Renewal quotes generation,No,
H,Renewal,10,H4,Retention analytics,No,
H,Renewal,10,H5,Renewal reminders,Yes,
H,Renewal,10,H6,Renewal negotiation tracking,No,
H,Renewal,10,H7,Lapse management,No,
H,Renewal,10,H8,Renewal incentives,no,
H,Renewal,10,H9,Renewal documentation,Yes,
H,Renewal,10,H10,Renewal performance tracking,No,
I,Accounting / GL / Disbursement,21,I1,General ledger integration,Yes,
I,Accounting / GL / Disbursement,21,I2,Disbursement processing,Yes,
I,Accounting / GL / Disbursement,21,I3,Financial reporting,Yes,
I,Accounting / GL / Disbursement,21,I4,Audit trails,yes,
I,Accounting / GL / Disbursement,21,I5,Tax management,No,
I,Accounting / GL / Disbursement,21,I6,Journal entries,Yes,
I,Accounting / GL / Disbursement,21,I7,Account reconciliation,Yes,
I,Accounting / GL / Disbursement,21,I8,Payment processing,Yes,
I,Accounting / GL / Disbursement,21,I9,Invoice generation,Yes,
I,Accounting / GL / Disbursement,21,I10,Credit note management,Yes,
I,Accounting / GL / Disbursement,21,I11,Debit note management,Yes,
I,Accounting / GL / Disbursement,21,I12,Bank reconciliation,No,
I,Accounting / GL / Disbursement,21,I13,Multi-currency support,Yes,
I,Accounting / GL / Disbursement,21,I14,Budget management,Yes,
I,Accounting / GL / Disbursement,21,I15,Cost center tracking,Yes,
I,Accounting / GL / Disbursement,21,I16,Financial dashboards,Yes,
I,Accounting / GL / Disbursement,21,I17,Aging reports,Yes,
I,Accounting / GL / Disbursement,21,I18,Cash flow management,Yes,
I,Accounting / GL / Disbursement,21,I19,Expense tracking,Yes,
I,Accounting / GL / Disbursement,21,I20,Revenue recognition,Yes,
I,Accounting / GL / Disbursement,21,I21,Financial compliance,Yes,
J,Cashiering (Payments Acceptance And Application),16,J1,Multiple payment methods,Yes,
J,Cashiering (Payments Acceptance And Application),16,J2,Payment application,Yes,
J,Cashiering (Payments Acceptance And Application),16,J3,Receipt generation,Yes,
J,Cashiering (Payments Acceptance And Application),16,J4,Payment reconciliation,Yes,
J,Cashiering (Payments Acceptance And Application),16,J5,Online payment gateway,Yes,
J,Cashiering (Payments Acceptance And Application),16,J6,Check processing,Yes,
J,Cashiering (Payments Acceptance And Application),16,J7,Credit card processing,Yes,
J,Cashiering (Payments Acceptance And Application),16,J8,Bank transfer processing,Yes,
J,Cashiering (Payments Acceptance And Application),16,J9,Cash handling,Yes,
J,Cashiering (Payments Acceptance And Application),16,J10,Payment reversal,yes,
J,Cashiering (Payments Acceptance And Application),16,J11,Partial payment handling,No,
J,Cashiering (Payments Acceptance And Application),16,J12,Overpayment management,No,
J,Cashiering (Payments Acceptance And Application),16,J13,Payment allocation,No,
J,Cashiering (Payments Acceptance And Application),16,J14,Payment history,Yes,
J,Cashiering (Payments Acceptance And Application),16,J15,Payment notifications,Yes,
J,Cashiering (Payments Acceptance And Application),16,J16,Payment reports,Yes,
K,Remittance,17,K1,Automated remittance,No,
K,Remittance,17,K2,Remittance tracking,No,
K,Remittance,17,K3,Statement generation,No,
K,Remittance,17,K4,Insurer settlements,No,
K,Remittance,17,K5,Remittance reconciliation,No,
K,Remittance,17,K6,Bulk remittance processing,No,
K,Remittance,17,K7,Remittance scheduling,No,
K,Remittance,17,K8,Electronic remittance,No,
K,Remittance,17,K9,Remittance approval workflow,No,
K,Remittance,17,K10,Remittance exceptions,No,
K,Remittance,17,K11,Remittance reports,No,
K,Remittance,17,K12,Agency bill processing,Yes,
K,Remittance,17,K13,Direct bill processing,No,
K,Remittance,17,K14,Remittance adjustments,No,
K,Remittance,17,K15,Remittance notifications,No,
K,Remittance,17,K16,Remittance history,Yes,
K,Remittance,17,K17,Remittance analytics,No,
L,Production Reconciliation,8,L1,Production tracking,No,
L,Production Reconciliation,8,L2,Reconciliation reports,No,
L,Production Reconciliation,8,L3,Variance analysis,No,
L,Production Reconciliation,8,L4,Exception handling,No,
L,Production Reconciliation,8,L5,Production validation,No,
L,Production Reconciliation,8,L6,Discrepancy management,No,
L,Production Reconciliation,8,L7,Automated matching,No,
L,Production Reconciliation,8,L8,Production dashboards,No,
M,Adjustment/Cancellation,9,M1,Policy adjustments,Yes,
M,Adjustment/Cancellation,9,M2,Cancellation processing,No,
M,Adjustment/Cancellation,9,M3,Refund calculations,Yes,
M,Adjustment/Cancellation,9,M4,Endorsements,Yes,
M,Adjustment/Cancellation,9,M5,Pro-rata calculations,No,
M,Adjustment/Cancellation,9,M6,Short-rate calculations,No,
M,Adjustment/Cancellation,9,M7,Reinstatement processing,No,
M,Adjustment/Cancellation,9,M8,Adjustment approval workflow,No,
M,Adjustment/Cancellation,9,M9,Cancellation notifications,No,
N,Collection Of Commission Receivables (Direct Payment),8,N1,Commission management,No,
N,Collection Of Commission Receivables (Direct Payment),8,N2,Direct payment processing,Yes,
N,Collection Of Commission Receivables (Direct Payment),8,N3,Commission tracking,Yes,Basic version
N,Collection Of Commission Receivables (Direct Payment),8,N4,Receivables aging,No,
N,Collection Of Commission Receivables (Direct Payment),8,N5,Commission statements,Yes,
N,Collection Of Commission Receivables (Direct Payment),8,N6,Commission reconciliation,No,
N,Collection Of Commission Receivables (Direct Payment),8,N7,Commission disputes,No,
N,Collection Of Commission Receivables (Direct Payment),8,N8,Commission reports,Yes,
O,Claims,12,O1,Claim registration,Yes,
O,Claims,12,O2,Assessment workflows,Yes,
O,Claims,12,O3,Settlement processing,Yes,
O,Claims,12,O4,Claims analytics,No,
O,Claims,12,O5,Claims documentation,Yes,
O,Claims,12,O6,Claims tracking,Yes,
O,Claims,12,O7,Claims approval workflow,Yes,
O,Claims,12,O8,Claims notifications,Yes,
O,Claims,12,O9,Claims history,Yes,
O,Claims,12,O10,Claims reporting,Yes,
O,Claims,12,O11,Third party administrator integration,Yes,
O,Claims,12,O12,Claims reserve management,Yes,
P,Reinsurance,8,P1,Treaty management,No,
P,Reinsurance,8,P2,Facultative placement,Yes,
P,Reinsurance,8,P3,Cession tracking,No,
P,Reinsurance,8,P4,Reinsurance accounting,Yes,
P,Reinsurance,8,P5,Reinsurance claims,No,
P,Reinsurance,8,P6,Reinsurance reporting,No,
P,Reinsurance,8,P7,Reinsurance reconciliation,No,
P,Reinsurance,8,P8,Reinsurance analytics,No,
Q,Customer Service Facility,6,Q1,Service desk,No,
Q,Customer Service Facility,6,Q2,Ticketing system,No,
Q,Customer Service Facility,6,Q3,Query resolution,No,
Q,Customer Service Facility,6,Q4,Service analytics,No,
Q,Customer Service Facility,6,Q5,Customer portal,No,
Q,Customer Service Facility,6,Q6,Service level agreements,No,
R,Marketing,1,R1,Marketing campaign management,No,
S,Incentive,4,S1,Incentive programs,No,
S,Incentive,4,S2,Performance tracking,yes,
S,Incentive,4,S3,Reward calculations,No,
S,Incentive,4,S4,Incentive reports,No,
T,Data Management,6,T1,Data governance,Yes,
T,Data Management,6,T2,Data import/export,yes,
T,Data Management,6,T3,Data validation,Yes,
T,Data Management,6,T4,Master data management,yes,
T,Data Management,6,T5,Data archival,No,
T,Data Management,6,T6,Data retention policies,Yes,
U,Emerging Capabilities,1,U1,AI/ML integration capabilities,No,
V,Workflow,7,V1,Workflow automation,Yes,
V,Workflow,7,V2,Process orchestration,yes,
V,Workflow,7,V3,Approval chains,yes,
V,Workflow,7,V4,Task management,No,
V,Workflow,7,V5,SLA monitoring,No,
V,Workflow,7,V6,Workflow notifications,No,
V,Workflow,7,V7,Workflow analytics,No,
