zip_code,place,city_psgc
1000,Manila City,1380600000
1001,Quiapo,1380600000
1002,Intramuros,1380600000
1003,Santa Cruz,1380600000
1004,Malate,1380600000
1005,San Miguel,1380600000
1006,Binondo,1380600000
1007,Paco,1380600000
1008,Sampaloc,1380600000
1009,Santa Ana,1380600000
1010,San Nicolas,1380600000
1011,Pandacan,1380600000
1012,Tondo I/II,1380600000
1013,Tondo I/II,1380600000
1015,Sampaloc,1380600000
1018,Port Area,1380600000
1045,Ermita,1380600000
1100,Quezon City,1381300000
1200,Makati CPO (Inc. Buendia Up To Edsa),1380300000
1201,Fort Bonifacio (Camp),1380300000
1202,Fort Bonifacio Naval Stn.,1380300000
1203,San Antonio Village (Inc. Malugay-Yakal),1380300000
1204,La Paz-Singkamas-Tejeros,1380300000
1205,Sta. Cruz,1380300000
1206,Kasilawan,1380300000
1207,Olympia And Carmona,1380300000
1208,"Valenzuela (Inc. Santiago, San Miguel & Rizal Vill.)",1380300000
1209,Bel-air,1380300000
1210,Poblacion,1380300000
1211,Guadalupe Viejo (Inc. Palm Village),1380300000
1212,Guadalupe Nuevo (Inc. Visayan Village),1380300000
1213,Pinagkaisahan-pitogo,1380300000
1214,Cembo,1380300000
1215,Rembo(west),1380300000
1216,Rembo (East) & Malapad Na Bato,1380300000
1217,Comembo,1380300000
1218,Pembo,1380300000
1219,Forbes Park North,1380300000
1220,Forbes Park South,1380300000
1221,Dasmarinas Village North,1380300000
1222,Dasmarinas Village South,1380300000
1223,San Lorenzo Village,1380300000
1224,Makati Commercial Center,1380300000
1225,Urdaneta Village,1380300000
1226,Ayala-Paseo De Roxas,1380300000
1227,Salcedo Village,1380300000
1228,Greenbelt,1380300000
1229,Legaspi Village,1380300000
1230,Pio Del Pilar,1380300000
1231,"Pasong Tamo 2000 Up, Ecology Village",1380300000
1232,Magallanes Village,1380300000
1233,Bangkal,1380300000
1234,San Isidro,1380300000
1235,Palanan,1380300000
1300,Pasay City CPO Malibay,1381100000
1301,Domestic Airport Po,1381100000
1302,San Rafael,1381100000
1303,San Roque,1381100000
1304,Santa Clara,1381100000
1305,San Jose,1381100000
1306,San Isidro,1381100000
1307,PICC (Reclamation Area),1381100000
1308,Manila Bay (Reclamation),1381100000
1309,Villamor Airbase,1381100000
1400,Caloocan City CPO,1380100000
1401,Baesa,1380100000
1402,Santa Quiteria,1380100000
1403,Grace Park East,1380100000
1404,San Jose,1380100000
1405,1st Ave. to 7th Ave. - West,1380100000
1406,Grace Park West,1380100000
1407,University Hills,1380100000
1408,Sangandaan,1380100000
1409,Kaunlaran Village,1380400000
1410,Maypajo,1380100000
1411,Fish Market,1380900000
1412,Isla de Cocomo,1380100000
1413,Kapitbahayan East,1380900000
1420,Kaybiga/Deparo,1380100000
1421,Bagumbong / Pag-asa,1380100000
1422,Novaliches North (Camarin North),1380100000
1423,Lilles Ville Subdivision,1380100000
1424,Capitol Parkland Subdivision,1380100000
1425,Amparo Subdivision,1380100000
1426,Bankers Village,1380100000
1427,Tala Leprosarium,1380100000
1427,Victory Heights,1380100000
1428,Bagong Silang,1380100000
1440,Valenzuela CPO - Malinta,1381600000
1441,Karuhatan,1381600000
1442,Fortune Vil. - Paso De Blas - Gen. T. De Leon,1381600000
1443,Dalandan - West Canumay,1381600000
1444,Arkong Bato-Rincon-Pasolo-Malanday-Mabolo-Polo,1381600000
1445,Balangkas-Caloong,1381600000
1446,Lingunan,1381600000
1447,East Canumay - Lawang Bato Punturin,1381600000
1448,Mapulang Lupa,1381600000
1469,Valenzuela P.O. Boxes,1381600000
1470,Malabon,1380400000
1471,Flores,1380400000
1472,Longos,1380400000
1473,Tonsuya,1380400000
1474,Acacia,1380400000
1475,Potrero,1380400000
1476,Araneta Subdivision,1380400000
1477,Maysilo,1380400000
1478,Santolan,1380400000
1479,Muzon,1380400000
1480,Dampalit,1380400000
1485,Navotas,1380900000
1489,Tangos,1380900000
1490,Tanza,1380900000
1500,San Juan City,1381400000
1502,San Juan City,1381400000
1503,San Juan City,1381400000
1504,San Juan City,1381400000
1550,Mandaluyong CPO,1380500000
1551,Vergara,1380500000
1552,Shaw Boulevard,1380500000
1553,Phil. Natl. Mental Hospital,1380500000
1554,East Edsa,1380500000
1555,Wack Wack Golf,1380500000
1556,Greenhills South,1380500000
1600,Pasig CPO,1381200000
1601,San Joaquin,1381200000
1602,Pinagbuhatan,1381200000
1603,Kapitolyo,1381200000
1604,Ugong,1381200000
1605,Ortigas PO,1381200000
1606,Caniogan,1381200000
1607,Maybunga,1381200000
1608,Sta. Lucia,1381200000
1609,Rosario,1381200000
1610,Santolan,1381200000
1611,Manggahan,1381200000
1612,Green Park,1381200000
1620,Aguho,1381701000
1621,Sta. Ana,1381701000
1630,Bicutan Western,1381500000
1631,Bicutan,1381500000
1632,Bicutan Lower,1381500000
1633,Bicutan Upper,1381500000
1634,Nichols - Mckinley,1381500000
1635,Bonifacio Global City,1381500000
1636,Bay Breeze Exec. Village,1381500000
1637,Tuktukan,1381500000
1638,Ligid,1381500000
1639,Ususan,1381500000
1700,Parañaque Cpo,1381000000
1701,Tambo,1381000000
1702,Baclaran,1381000000
1703,Marina Subd. (Reclamation),1381000000
1704,Sto. Nino,1381000000
1705,Ninoy Aquino Int’l. Airport,1381000000
1706,Pulo,1381000000
1707,San Antonio Valley 11 & 12,1381000000
1708,Multinational Village,1381000000
1709,Merville Park,1381000000
1709,Moonwalk,1381000000
1709,South Admiral Village,1381000000
1710,Executive Heights Subd.,1381000000
1711,Better Living Subdivision,1381000000
1712,Miramar Subdivision,1381000000
1713,United Subd.,1381000000
1714,Aeropark Subdivision,1381000000
1714,Ireneville Ii,1381000000
1715,San Antonio Valley I,1381000000
1716,Maywood Village Ii,1381000000
1717,Manila Memorial Park,1381000000
1718,Bf Homes 2,1381000000
1719,Ireneville Subdivision I & Ii,1381000000
1719,Maywood I,1381000000
1720,Bf Homes 1,1381000000
1740,Las Piñas CPO,1380200000
1741,Remarville Subdivision,1380200000
1742,Pulang Lupa,1380200000
1742,Zapote,1380200000
1743,Cut-cut,1380200000
1744,Manuyo,1380200000
1745,Gatchalian Subdivision,1380200000
1746,Verdant Acres Subdivision,1380200000
1747,"Talon, Moonwalk",1380200000
1748,Manila Doctors Village,1380200000
1749,Angela Village,1380200000
1750,Almanza,1380200000
1751,T. S. Cruz Subdivision,1380200000
1752,Soldiers Hills Subdivision,1380200000
1770,Muntinlupa CPO,1380800000
1771,Bule/Cupang,1380800000
1772,Bayanan/Putatan,1380800000
1773,Tunasan,1380800000
1774,Susana Heights,1380800000
1775,Pearl Heights,1380800000
1776,Poblacion,1380800000
1777,Pleasant Village,1380800000
1780,Ayala Alabang Subdivision,1380800000
1781,Filinvest Corp. City,1380800000
1799,Ayala Alabang P.O. Boxes,1380800000
1800,Marikina CPO - Santa Elena - Santo Niño,1380700000
1801,San Roque - Calumpang,1380700000
1802,Industrial Valley,1380700000
1803,Barangka,1380700000
1803,Tañong,1380700000
1804,J. De La Peña,1380700000
1805,Malanday,1380700000
1806,Tumana,1380700000
1807,Concepcion 1,1380700000
1808,Nangka,1380700000
1809,Parang,1380700000
1810,Marikina Heights,1380700000
1811,Concepcion 2,1380700000
1812,Fortune,1380700000
1850,San Mateo,0405811000
1860,Rodriguez (Montalban),0405808000
1870,Antipolo,0405802000
1880,Teresa,0405814000
1900,Cainta,0405805000
1910,Pililla,0405810000
1920,Taytay,0405813000
1930,Angono,0405801000
1940,Binangonan,0405804000
1950,Cardona,0405806000
1960,Morong,0405809000
1970,Baras,0405803000
1980,Tanay,0405812000
1990,Jalajala,0405807000
2000,San Fernando,0305416000
2001,Bacolor,0305404000
2002,Santa Rita,0305420000
2003,Guagua,0305407000
2004,Sasmuan,0305422000
2005,Lubao,0305408000
2006,Floridablanca,0305406000
2008,Porac,0305415000
2009,Angeles City,0330100000
2010,Mabalacat,0305409000
2011,Magalang,0305411000
2012,Arayat,0305403000
2013,Candaba,0305405000
2014,San Luis,0305417000
2015,San Simon,0305418000
2016,Apalit,0305402000
2017,Masantol,0305412000
2018,Macabebe,0305410000
2019,Minalin,0305414000
2020,Santo Tomas,0305421000
2021,Mexico,0305413000
2022,Santa Ana,0305419000
2100,Balanga,0300803000
2101,Pilar,0300811000
2102,Orion,0300810000
2103,Limay,0300806000
2105,Mariveles,0300807000
2107,Bagac,0300802000
2108,Morong,0300808000
2110,Dinalupihan,0300804000
2111,Hermosa,0300805000
2112,Orani,0300809000
2113,Samal,0300812000
2114,Abucay,0300801000
2200,Olongapo City,0331400000
2201,Iba,0307105000
2202,Botolan,0307101000
2203,Cabangan,0307102000
2204,San Felipe,0307110000
2205,San Narciso,0307112000
2206,San Antonio,0307109000
2207,San Marcelino,0307111000
2208,Castillejos,0307104000
2209,Subic,0307114000
2210,Palauig,0307108000
2211,Masinloc,0307106000
2212,Candelaria,0307103000
2213,Sta. Cruz,0307113000
2300,Tarlac,0306916000
2302,Gerona,0306906000
2303,Sta. Ignacia,0306915000
2304,Mayantoc,0306908000
2305,San Clemente,0306913000
2306,Camiling,0306903000
2307,Paniqui,0306910000
2308,Moncada,0306909000
2309,San Manuel,0306914000
2310,Anao,0306901000
2311,Ramos,0306912000
2312,Pura,0306911000
2313,Victoria,0306917000
2314,La Paz,0306907000
2315,Capas,0306904000
2316,Concepcion,0306905000
2317,Bamban,0306902000
2318,San Jose,0306918000
2333,Capas,0306904000
2334,Moncada,0306909000
2400,Dagupan City,0105518000
2401,Lingayen,0105522000
2402,Labrador,0105521000
2403,Sual,0105542000
2404,Alaminos,0105503000
2405,Anda,0105505000
2406,Bolinao,0105514000
2407,Bani,0105508000
2408,Agno,0105501000
2409,Mabini,0105523000
2410,Burgos,0105516000
2411,Dasol,0105519000
2412,Infanta,0105520000
2413,Mangatarem,0105527000
2414,Urbiztondo,0105545000
2415,Aguilar,0105502000
2416,Bugallon,0105515000
2417,Binmaley,0105513000
2418,Calasiao,0105517000
2419,Santa Barbara,0105538000
2420,San Carlos City,0105532000
2421,Malasiqui,0105524000
2422,Basista,0105509000
2423,Bayambang,0105511000
2424,Bautista,0105510000
2425,Alcala,0105504000
2426,SantoTomas,0105540000
2427,Villasis,0105547000
2428,Urdaneta,0105546000
2429,Mapandan,0105528000
2430,Manaoag,0105525000
2431,San Jacinto,0105534000
2432,Mangaldan,0105526000
2433,San Fabian,0105533000
2434,Sison,0105541000
2435,Pozorrubio,0105530000
2436,Binalonan,0105512000
2437,Laoac,0105548000
2438,San Manuel,0105535000
2439,Asingan,0105506000
2440,Santa Maria,0105539000
2441,Rosales,0105531000
2442,Balungao,0105507000
2443,Umingan,0105544000
2444,San Quintin,0105537000
2445,Tayug,0105543000
2446,Natividad,0105529000
2447,San Nicolas,0105536000
2500,San Fernando City,0103314000
2501,Bauang,0103307000
2502,Caba,0103309000
2503,Aringay,0103302000
2504,Agoo,0103301000
2505,Santo Tomas,0103317000
2506,Rosario,0103313000
2508,Pugo,0103312000
2509,Tubao,0103320000
2510,Burgos,0103308000
2511,Naguilian,0103311000
2512,Bagulin,0103304000
2513,San Gabriel,0103315000
2514,San Juan,0103316000
2515,Bacnotan,0103303000
2516,Santol,0103318000
2517,Balaoan,0103305000
2518,Luna,0103310000
2519,Bangar,0103306000
2520,Sudipen,0103319000
2566,Alcoy,0702202000
2600,Baguio City,1430300000
2601,La Trinidad,1401110000
2603,Tuba,1401113000
2604,Itogon,1401106000
2605,Bokod,1401104000
2606,Kabayan,1401107000
2607,Buguias,1401105000
2608,Mankayan,1401111000
2610,Bakun,1401103000
2611,Kibungan,1401109000
2612,Atok,1401101000
2613,Kapangan,1401108000
2614,Sablan,1401112000
2615,Tublay,1401114000
2616,Bontoc,1404404000
2617,Sadanga,1404408000
2618,Besao,1404403000
2619,Sagada,1404409000
2620,Tadian,1404410000
2621,Bauko,1404402000
2622,Sabangan,1404407000
2623,Barlig,1404401000
2624,Natonin,1404405000
2625,Paracelis,1404406000
2700,Vigan,0102934000
2701,Santa Catalina,0102923000
2702,Caoayan,0102907000
2703,Santa,0102922000
2704,Narvacan,0102914000
2705,Santa Maria,0102926000
2706,San Esteban,0102918000
2707,Santiago,0102927000
2708,Banayoyo,0102902000
2709,Galimuyod,0102909000
2710,Candon,0102906000
2711,Salcedo (Baugen),0102916000
2712,Santa Lucia,0102925000
2713,Santa Cruz,0102924000
2714,Tagudin,0102933000
2715,Suyo,0102932000
2716,Alilem,0102901000
2717,Sugpon,0102931000
2718,Cervantes,0102908000
2719,Sigay,0102929000
2720,Gregorio del Pilar (Concepcion),0102910000
2721,Quirino (Angkaki),0102915000
2722,San Emilio,0102917000
2723,Lidlidda,0102911000
2724,Burgos,0102904000
2725,Nagbukel,0102913000
2726,San Vicente,0102921000
2727,Bantay,0102903000
2728,San Ildefonso,0102919000
2729,Santo Domingo,0102928000
2730,Magsingal,0102912000
2731,San Juan (Lapog),0102920000
2732,Cabugao,0102905000
2733,Sinait,0102930000
2800,Bangued,1400101000
2801,Dolores,1400107000
2802,Lagangilang,1400110000
2803,Tayum,1400124000
2804,Peñarrubia,1400117000
2805,Bucay,1400103000
2806,Pidigan,1400118000
2807,Langiden,1400112000
2808,San Quintin,1400123000
2809,San Isidro,1400121000
2810,Manabo,1400116000
2811,Villaviciosa,1400127000
2812,Pilar,1400119000
2813,Luba,1400114000
2814,Tubo,1400126000
2815,Boliney,1400102000
2816,Daguioman,1400105000
2817,Bucloc,1400104000
2818,Sallapadan,1400120000
2819,Licuan-Baay,1400113000
2820,Malibcong,1400115000
2821,Lacub,1400109000
2822,Tineg,1400125000
2823,San Juan,1400122000
2824,Lagayan,1400111000
2825,Danglas,1400106000
2826,La Paz,1400108000
2900,Laoag City,0102812000
2901,San Nicolas,0102820000
2902,Paoay,0102816000
2903,Currimao,0102808000
2904,Badoc,0102803000
2905,Pinili,0102819000
2906,Batac,0102805000
2907,Marcos,0102813000
2908,Banna (formerly Espiritu),0102811000
2909,Nueva Era,0102814000
2910,Solsona,0102822000
2911,Carasi,0102807000
2912,Piddig,0102818000
2913,Dingras,0102809000
2914,Sarrat,0102821000
2915,Vintar,0102823000
2916,Bacarra,0102802000
2917,Pasuquin,0102817000
2918,Burgos,0102806000
2919,Pagudpud,0102815000
2920,Bangui,0102804000
2921,Dumalneg,0102810000
2922,Adams,0102801000
3000,Malolos,0301410000
3001,Paombong,0301416000
3002,Hagonoy,0301409000
3003,Calumpit,0301407000
3004,Plaridel,0301417000
3005,Pulilan,0301418000
3006,Baliwag City,0301403000
3007,Bustos,0301406000
3008,San Rafael,0301422000
3009,Doña Remedios Trinidad,0301424000
3010,San Ildefonso,0301419000
3011,San Miguel,0301421000
3012,Angat,0301401000
3013,Norzagaray,0301413000
3014,Pandi,0301415000
3015,Guiguinto,0301408000
3016,Balagtas,0301402000
3017,Bulacan,0301405000
3018,Bocaue,0301404000
3019,Marilao,0301411000
3020,Meycauayan,0301412000
3021,Obando,0301414000
3022,Sta. Maria,0301423000
3023,San Jose Del Monte,0301420000
3100,Cabanatuan City,0304903000
3101,Sta. Rosa,0304928000
3102,San Leonardo,0304927000
3103,Peñaranda,0304921000
3104,General Tinio,0304910000
3105,Gapan City,0304908000
3106,San Isidro,0304925000
3107,Cabiao,0304904000
3108,San Antonio,0304924000
3109,Jaen,0304912000
3110,Zaragoza,0304932000
3111,Aliaga,0304901000
3112,Licab,0304914000
3113,Quezon,0304922000
3114,Talavera,0304930000
3115,Guimba,0304911000
3116,Nampicuan,0304918000
3117,Cuyapo,0304906000
3118,Talugtug,0304931000
3119,Science City of Muñoz,0304917000
3121,San Jose City,0304926000
3122,Lupao,0304916000
3123,Carranglan,0304905000
3124,Pantabangan,0304920000
3125,General Mamerto Natividad,0304909000
3126,Llanera,0304915000
3127,Rizal,0304923000
3128,Bongabon,0304902000
3129,Laur,0304913000
3131,Gabaldon,0304907000
3132,Palayan City,0304919000
3133,Sto. Domingo,0304929000
3200,Baler,0307701000
3201,San Luis,0307708000
3202,Maria Aurora,0307707000
3203,Dipaculao,0307706000
3204,Casiguran,0307702000
3205,Dilasag,0307703000
3206,Dinalungan,0307704000
3207,Dingalan,0307705000
3300,City of Ilagan,0203114000
3301,Gamu,0203113000
3302,Naguilian,0203120000
3303,Reina Mercedes,0203125000
3304,Luna,0203116000
3305,City of Cauayan,0203108000
3306,Alicia,0203101000
3307,Angadanan,0203102000
3308,San Guillermo,0203128000
3309,Echague,0203112000
3310,San Isidro,0203129000
3311,Santiago CIty,0203135000
3312,Cordon,0203109000
3313,Jones,0203115000
3314,San Agustin,0203127000
3315,Cabatuan,0203107000
3316,Aurora,0203103000
3317,San Manuel,0203130000
3318,San Mateo,0203132000
3319,Ramon,0203124000
3320,Roxas,0203126000
3321,Quirino,0203123000
3322,Burgos,0203105000
3323,Mallig,0203119000
3324,Quezon,0203122000
3325,Tumauini,0203137000
3326,Delfin Albano,0203118000
3327,Sto. Tomas,0203136000
3328,Cabagan,0203106000
3329,San Pablo,0203133000
3330,Sta. Maria,0203134000
3331,Benito Soliven,0203104000
3332,San Mariano,0203131000
3333,Maconacon,0203117000
3334,Palanan,0203121000
3335,Divilacan,0203111000
3336,Dinapigue,0203110000
3400,Cabarroguis,0205702000
3401,Diffun,0205703000
3402,Saguday,0205705000
3403,Aglipay,0205701000
3404,Maddela,0205704000
3405,Nagtipunan,0205706000
3500,Tuguegarao City,0201529000
3501,Enrile,0201512000
3502,Peñablanca,0201519000
3503,Solana,0201527000
3504,Iguig,0201515000
3505,Amulung,0201504000
3506,Baggao,0201506000
3507,Alcala,0201502000
3508,Gattaran,0201513000
3509,Lal-lo,0201516000
3510,Camalaniugan,0201510000
3511,Buguey,0201508000
3512,Sta. Teresita,0201525000
3513,Gonzaga,0201514000
3514,Sta. Ana,0201523000
3515,Aparri,0201505000
3516,Ballesteros,0201507000
3517,Abulug,0201501000
3518,Sanchez-Mira,0201522000
3519,Claveria,0201511000
3520,Calayan,0201509000
3521,Santa Praxedes,0201524000
3522,Pamplona,0201518000
3523,Allacapan,0201503000
3524,Lasam,0201517000
3525,Santo Niño,0201526000
3526,Rizal,0201521000
3527,Piat,0201520000
3528,Tuao,0201528000
3600,Lagawe,1402704000
3601,Banaue,1402701000
3602,Mayoyao,1402706000
3603,Hungduan,1402702000
3604,Kiangan,1402703000
3605,Lamut,1402705000
3606,Aguinaldo,1402708000
3607,Hingyon,1402709000
3608,Alfonso Lista (formerly Potia),1402707000
3609,Tinoc,1402710000
3610,Asipulo,1402711000
3700,Bayombong,0205005000
3701,Ambaguio,0205001000
3702,Bambang,0205004000
3703,Kasibu,0205009000
3704,Aritao,0205002000
3705,Sta. Fe,0205012000
3706,Dupax del Norte,0205007000
3707,Dupax del Sur,0205008000
3708,Kayapa,0205010000
3709,Solano,0205013000
3710,Villaverde,0205014000
3711,Bagabag,0205003000
3712,Diadi,0205006000
3713,Quezon,0205011000
3714,Alfonso Castañeda,0205015000
3800,Tabuk City,1403213000
3801,Balbalan,1403201000
3802,Lubuagan,1403206000
3803,Pasil,1403208000
3804,Tinglayan,1403215000
3805,Tanudan,1403214000
3806,Pinukpuk,1403209000
3807,Conner,1408102000
3808,Rizal,1403211000
3809,Kabugao,1408104000
3810,Flora,1408103000
3811,Santa Marcela,1408107000
3812,Pudtol,1408106000
3813,Luna,1408105000
3814,Calanasan,1408101000
3900,Basco,0200901000
3901,Mahatao,0200904000
3902,Ivana,0200903000
3903,Uyugan,0200906000
3904,Sabtang,0200905000
3905,Itbayat,0200902000
4000,San Pablo City,0403424000
4001,Alaminos,0403401000
4002,Nagcarlan,0403417000
4003,Rizal,0403423000
4004,Liliw,0403410000
4005,Majayjay,0403416000
4007,Magdalena,0403415000
4008,Pagsanjan,0403419000
4009,Sta. Cruz,0403426000
4010,Pila,0403422000
4011,Victoria,0403430000
4012,Calauan,0403406000
4013,Cavinti,0403407000
4014,Lumban,0403413000
4015,Kalayaan,0403409000
4016,Paete,0403418000
4017,Pakil,0403420000
4018,Pangil,0403421000
4019,Siniloan,0403429000
4020,Mabitac,0403414000
4021,Famy,0403408000
4022,Sta. Maria,0403427000
4023,San Pedro,0403425000
4024,Biñan,0403403000
4025,Cabuyao,0403404000
4026,Sta. Rosa,0403428000
4027,Calamba,0403405000
4030,Los Baños,0403411000
4032,Luisiana,0403412000
4033,Bay,0403402000
4100,Cavite City,0402105000
4102,Bacoor,0402103000
4103,Imus,0402109000
4104,Kawit,0402111000
4105,Noveleta,0402116000
4106,Rosario,0402117000
4107,General Trias City,0402108000
4108,Tanza,0402120000
4109,Trece Martires City,0402122000
4110,Naic,0402115000
4111,Ternate,0402121000
4112,Maragondon,0402113000
4113,Magallanes,0402112000
4114,Dasmariñas,0402106000
4116,Carmona,0402104000
4117,Gen. Mariano Alvarez,0402123000
4118,Silang,0402118000
4119,Amadeo,0402102000
4120,Tagaytay,0402119000
4121,Mendez,0402114000
4122,Indang,0402110000
4123,Alfonso,0402101000
4124,General Emilio Aguinaldo,0402107000
4200,Batangas City,0401005000
4201,Bauan,0401006000
4202,Mabini,0401016000
4203,Tingloy,0401033000
4204,San Pascual,0401026000
4205,Alitagtag,0401002000
4206,Sta. Teresita,0401027000
4207,San Nicolas,0401025000
4208,Taal,0401029000
4209,Lemery,0401012000
4210,San Luis,0401024000
4211,Agoncillo,0401001000
4212,Calaca,0401007000
4213,Balayan,0401003000
4214,Tuy,0401034000
4215,Calatagan,0401008000
4216,Lian,0401013000
4217,Lipa City,0401014000
4219,Balete,0401004000
4220,Talisay,0401030000
4221,Laurel,0401011000
4222,Cuenca,0401009000
4223,Mataas na Kahoy,0401018000
4224,Padre Garcia,0401020000
4225,Rosario,0401021000
4226,San Juan,0401023000
4227,San Jose,0401022000
4228,Taysan,0401032000
4229,Lobo,0401015000
4230,Ibaan,0401010000
4231,Nasugbu,0401019000
4232,Tanauan,0401031000
4233,Malvar,0401017000
4234,Sto. Tomas,0401028000
4301,Lucena City,0431200000
4302,Pagbilao,0405630000
4303,Padre Burgos,0405629000
4304,Agdangan,0405601000
4305,Unisan,0405649000
4306,Plaridel,0405635000
4307,Gumaca,0405619000
4308,Pitogo,0405634000
4309,Macalelon,0405625000
4310,General Luna,0405616000
4311,Catanauan,0405610000
4312,Mulanay,0405628000
4313,San Narciso,0405644000
4314,San Andres,0405640000
4315,San Francisco,0405642000
4316,Lopez,0405622000
4318,Calauag,0405607000
4319,Guinayangan,0405618000
4320,Buenavista,0405605000
4321,Tagkawayan,0405646000
4322,Sariaya,0405645000
4323,Candelaria,0405608000
4324,San Antonio,0405641000
4325,Tiaong,0405648000
4326,Dolores,0405615000
4327,Tayabas,0405647000
4328,Lucban,0405623000
4329,Sampaloc,0405639000
4330,Mauban,0405627000
4331,Atimonan,0405603000
4332,Quezon,0405637000
4333,Alabat,0405602000
4334,Perez,0405633000
4335,Real,0405638000
4336,Infanta,0405620000
4337,Panukulan,0405631000
4338,General Nakar,0405617000
4339,Polillo,0405636000
4340,Burdeos,0405606000
4341,Patnanungan,0405632000
4342,Jomalig,0405621000
4400,Naga City,0501724000
4401,Camaligan,0501709000
4402,Canaman,0501710000
4403,Magarao,0501720000
4404,Bombon,0501704000
4405,Calabanga,0501708000
4406,Cabusao,0501707000
4407,Libmanan,0501718000
4408,Sipocot,0501734000
4409,Lupi,0501719000
4410,Ragay,0501730000
4411,Del Gallego,0501712000
4412,Gainza,0501713000
4413,Milaor,0501721000
4414,Minalabac,0501722000
4415,San Fernando,0501732000
4416,Pamplona,0501726000
4417,Pasacao,0501727000
4418,Pili,0501728000
4419,Ocampo,0501725000
4420,Tigaon,0501736000
4421,Sagnay,0501731000
4422,Goa,0501715000
4423,San Jose,0501733000
4424,Presentacion,0501729000
4425,Lagonoy,0501717000
4426,Tinambac,0501737000
4427,Siruma,0501735000
4428,Garchitorena,0501714000
4429,Caramoan,0501711000
4430,Bula,0501706000
4431,Iriga City,0501716000
4432,Baao,0501701000
4433,Buhi,0501705000
4434,Nabua,0501723000
4435,Bato,0501703000
4436,Balatan,0501702000
4500,Legazpi City,0500506000
4501,Daraga (Locsin),0500503000
4502,Camalig,0500502000
4503,Guinobatan,0500504000
4504,Ligao,0500508000
4505,Oas,0500512000
4506,Polangui,0500514000
4507,Libon,0500507000
4508,Sto. Domingo,0500516000
4509,Bacacay,0500501000
4510,Malilipot,0500509000
4511,Tabaco,0500517000
4512,Malinao,0500510000
4513,Tiwi,0500518000
4514,Manito,0500511000
4515,Jovellar,0500505000
4516,Pio Duran (Malacbalac),0500513000
4517,Rapu-Rapu,0500515000
4600,Daet,0501603000
4601,Mercedes,0501607000
4602,Talisay,0501611000
4603,Vinzons,0501612000
4604,Labo,0501606000
4605,Paracale,0501608000
4606,Jose Panganiban,0501605000
4607,Capalonga,0501602000
4608,Basud,0501601000
4609,San Vicente,0501609000
4610,San Lorenzo Ruiz (formerly Imelda),0501604000
4611,Sta. Elena,0501610000
4700,Sorsogon,0506216000
4702,Casiguran,0506205000
4703,Juban,0506210000
4704,Bulusan,0506204000
4705,Magallanes,0506211000
4706,Bulan,0506203000
4707,Irosin,0506209000
4708,Matnog,0506212000
4709,Sta. Magdalena,0506215000
4710,Gubat,0506208000
4711,Prieto Diaz,0506214000
4712,Barcelona,0506202000
4713,Castilla,0506206000
4714,Pilar,0506213000
4715,Donsol,0506207000
4800,Virac,0502011000
4801,Bato,0502003000
4802,San Miguel,0502009000
4803,Baras,0502002000
4804,Gigmoto,0502005000
4805,Viga,0502010000
4806,Panganiban,0502007000
4807,Bagamanoc,0502001000
4808,Caramoran,0502004000
4809,Pandan,0502006000
4810,San Andres,0502008000
4900,Boac,1704001000
4901,Mogpog,1704004000
4902,Sta. Cruz,1704005000
4903,Torrijos,1704006000
4904,Buenavista,1704002000
4905,Gasan,1704003000
5000,Iloilo City,0631000000
5001,Pavia,0603036000
5002,Santa Barbara,0603043000
5003,Leganes,0603026000
5004,Zarraga,0603047000
5005,New Lucena,0603032000
5006,Dumangas,0603018000
5007,Barotac Nuevo,0603007000
5008,Pototan,0603037000
5009,Anilao,0603003000
5010,Banate,0603006000
5011,Barotac Viejo,0603008000
5012,Ajuy,0603001000
5013,Concepcion,0603015000
5014,Sara,0603044000
5015,San Dionisio,0603038000
5016,Batad,0603009000
5017,Estancia,0603019000
5018,Balasan,0603005000
5019,Carles,0603014000
5020,Oton,0603034000
5021,Tigbauan,0603045000
5022,Guimbal,0603020000
5023,Miagao,0603030000
5024,San Joaquin,0603040000
5025,San Miguel,0603041000
5026,Leon,0603028000
5027,Tubungan,0603046000
5028,Alimodian,0603002000
5029,Igbaras,0603021000
5030,Maasin,0603029000
5031,Cabatuan,0603012000
5032,Mina,0603031000
5033,Badiangan,0603004000
5034,Janiuay,0603023000
5035,Dingle,0603016000
5036,San Enrique,0603039000
5037,Passi,0603035000
5038,Dueñas,0603017000
5039,San Rafael,0603042000
5040,Calinog,0603013000
5041,Bingawan,0603010000
5042,Lambunao,0603025000
5043,Lemery,0603027000
5044,Buenavista,0607901000
5045,Jordan,0607902000
5046,Nueva Valencia,0607903000
5047,San Lorenzo,0607904000
5048,Sibunag,0607905000
5100,San Jose,1705110000
5101,Magsaysay,1705105000
5102,Calintaan,1705102000
5103,Rizal,1705108000
5104,Sablayan,1705109000
5105,Sta. Cruz,1705111000
5106,Mamburao,1705106000
5107,Paluan,1705107000
5108,Abra de Ilog,1705101000
5109,Lubang,1705104000
5111,Looc,1705103000
5200,Calapan,1705205000
5201,Baco,1705201000
5202,San Teodoro,1705213000
5203,Puerto Galera,1705211000
5204,Naujan,1705208000
5205,Victoria,1705215000
5206,Pola,1705210000
5207,Socorro,1705214000
5208,Pinamalayan,1705209000
5209,Gloria,1705206000
5210,Bansud,1705202000
5211,Bongabong,1705203000
5212,Roxas,1705212000
5213,Mansalay,1705207000
5214,Bulalacao,1705204000
5300,Puerto Princesa City,1731500000
5302,Aborlan,1705301000
5303,Narra (Panacan),1705315000
5304,Quezon,1705317000
5305,Brooke's Point,1705306000
5306,Bataraza,1705305000
5307,Balabac,1705304000
5308,Roxas,1705318000
5309,San Vicente,1705319000
5310,Dumaran,1705311000
5311,Araceli,1705303000
5312,Taytay,1705320000
5313,El Nido (Baquit),1705312000
5314,Linapacan,1705313000
5315,Culion,1705322000
5316,Coron,1705309000
5317,Busuanga,1705307000
5318,Cuyo,1705310000
5319,Magsaysay,1705314000
5320,Agutaya,1705302000
5321,Cagayancillo,1705308000
5322,Kalayaan,1705321000
5323,Dr. Jose P. Rizal,1705323000
5324,Sofronio Española,1705324000
5400,Masbate,0504111000
5401,Mobo,0504113000
5402,Uson,0504121000
5403,Dimasalang,0504108000
5404,Palanas,0504115000
5405,Cataingan,0504105000
5406,Pio V. Corpus,0504116000
5407,Esperanza,0504109000
5408,Placer,0504117000
5409,Cawayan,0504106000
5410,Milagros,0504112000
5411,Mandaon,0504110000
5412,Balud,0504103000
5413,Baleno,0504102000
5414,Aroroy,0504101000
5415,Batuan,0504104000
5416,San Fernando,0504118000
5417,San Jacinto,0504119000
5418,Monreal,0504114000
5419,Claveria,0504107000
5420,San Pascual,0504120000
5456,Bugasong,0600604000
5500,Romblon,1705910000
5501,San Agustin,1705911000
5502,Sta. Maria (Imelda),1705917000
5503,Calatrava,1705904000
5504,San Andres,1705912000
5505,Odiongan,1705909000
5506,Ferrol,1705916000
5507,Looc,1705907000
5508,Sta. Fe,1705915000
5509,Alcantara,1705901000
5510,San Jose,1705914000
5511,Magdiwang,1705908000
5512,Cajidiocan,1705903000
5513,San fernando,1705913000
5514,Corcuera,1705906000
5515,Banton (Jones),1705902000
5516,Concepcion,1705905000
5600,Kalibo,0600407000
5601,Banga,0600403000
5602,Libacao,0600409000
5603,Madalag,0600410000
5604,Numancia,0600416000
5605,Lezo,0600408000
5606,Malinao,0600413000
5607,Nabas,0600414000
5608,Malay,0600412000
5609,Buruanga,0600405000
5610,New Washington,0600415000
5611,Makato,0600411000
5612,Tangalan,0600417000
5613,Ibajay,0600406000
5614,Balete,0600402000
5615,Batan,0600404000
5616,Altavas,0600401000
5700,San Jose,0600613000
5701,Belison,0600603000
5702,Patnongon,0600612000
5703,Valderrama,0600618000
5704,Bugasong,0600604000
5705,Laua-an,0600609000
5706,Barbaza,0600602000
5707,Tibiao,0600617000
5708,Culasi,0600606000
5709,Sebaste,0600615000
5710,Libertad,0600610000
5711,Caluya,0600605000
5712,Pandan,0600611000
5713,Sibalom,0600616000
5714,San Remigio,0600614000
5715,Hamtic,0600608000
5716,Tobias Fornier (Dao),0600607000
5717,Anini-y,0600601000
5800,Roxas City,0601914000
5801,Panay,0601909000
5802,Pontevedra,0601912000
5803,President Roxas,0601913000
5804,Pilar,0601911000
5805,Ivisan,0601905000
5806,Sapian,0601915000
5807,Mambusao,0601908000
5808,Jamindan,0601906000
5809,Maayon,0601907000
5810,Dao,0601902000
5811,Cuartero,0601901000
5812,Dumarao,0601904000
5813,Dumalag,0601903000
5814,Tapaz,0601917000
5815,Panitan,0601910000
5816,Sigma,0601916000
6000,Cebu City,0730600000
6001,Consolacion,0702219000
6002,Liloan,0702227000
6003,Compostela,0702218000
6004,Danao City,0702223000
6005,Carmen,0702215000
6006,Catmon,0702216000
6007,Sogod,0702247000
6008,Borbon,0702213000
6009,Tabogon,0702248000
6010,Bogo,0702211000
6011,San Remigio,0702243000
6012,Medellin,0702231000
6013,DaanBantayan,0702221000
6014,Mandaue City,0731300000
6015,Lapu-Lapu City,0731100000
6017,Cordova,0702220000
6018,San Fernando,0702241000
6019,Carcar,0702214000
6020,Sibonga,0702246000
6021,Argao,0702205000
6022,Dalaguete,0702222000
6023,Alcoy,0702202000
6024,Boljoon,0702212000
6025,Oslob,0702235000
6026,Santander,0702245000
6027,Samboan,0702240000
6028,Ginatilan,0702225000
6029,Malabuyoc,0702229000
6030,Alegria,0702203000
6031,Badian,0702207000
6032,Moalboal,0702233000
6033,Alcantara,0702201000
6034,Ronda,0702239000
6035,Dumanjug,0702224000
6036,Barili,0702210000
6037,Naga,0702234000
6038,Toledo City,0702251000
6039,Pinamungajan,0702237000
6040,Aloguinsan,0702204000
6041,Balamban,0702208000
6042,Asturias,0702206000
6043,Tuburan,0702252000
6044,Tabuelan,0702249000
6045,Talisay,0702250000
6046,Minglanilla,0702232000
6047,Santa Fe,0702244000
6048,Pilar,0702236000
6049,Poro,0702238000
6050,San Francisco,0702242000
6051,Tudela,0702253000
6052,Bantayan,0702209000
6053,Madridejos,0702228000
6088,Aloguinsan,0702204000
6099,Argao,0702205000
6100,Bacolod City,1830200000
6101,Bago City,1804502000
6102,Pulupandan,1804522000
6103,Valladolid,1804530000
6104,San Enrique,1804525000
6105,Pontevedra,1804521000
6106,Hinigaran,1804511000
6107,Binalbagan,1804503000
6108,Himamaylan,1804510000
6109,Ilog,1804513000
6110,Candoni,1804506000
6111,Kabankalan,1804515000
6112,Cauayan,1804507000
6113,Sipalay,1804527000
6114,Hinoba-an (Asia),1804512000
6115,Talisay,1804528000
6116,Silay City,1804526000
6118,Enrique B. Magalona,1804508000
6119,Victorias,1804531000
6120,Manapla,1804518000
6121,Cadiz City,1804504000
6122,Sagay,1804523000
6124,Escalante,1804509000
6125,Toboso,1804529000
6126,Calatrava,1804505000
6127,San Carlos City,1804524000
6128,Isabela,1804514000
6129,Murcia,1804520000
6130,La Carlota City,1804516000
6131,La Castellana,1804517000
6132,Moises Padilla (Magallon),1804519000
6133,Salvador Benedicto,1804532000
6200,Dumaguete City,1804610000
6201,Sibulan,1804620000
6202,San Jose,1804617000
6203,Amlan (Ayuquitan),1804601000
6204,Tanjay,1804621000
6205,Pamplona,1804616000
6206,Bais City,1804604000
6207,Mabinay,1804614000
6208,Manjuyod,1804615000
6209,Bindoy (Payabon),1804607000
6210,Ayungon,1804602000
6211,Tayasan,1804622000
6212,Jimalalud,1804612000
6213,La Libertad,1804613000
6214,Guihulngan,1804611000
6215,Valencia (Luzurriaga),1804623000
6216,Bacong,1804603000
6217,Dauin,1804609000
6218,Zamboanguita,1804625000
6219,Siaton,1804619000
6220,Santa Catalina,1804618000
6221,Bayawan (Tulong),1804606000
6222,Basay,1804605000
6223,Canlaon City,1804608000
6224,Vallehermoso,1804624000
6225,Siquijor,1806106000
6226,Larena,1806102000
6227,San Juan,1806105000
6228,Lazi,1806103000
6229,Maria,1806104000
6230,Enrique Villanueva,1806101000
6267,Dumaguete City,1804610000
6300,Tagbilaran City,0701242000
6301,Baclayon,0701205000
6302,Alburquerque,0701201000
6303,Loay,0701228000
6304,Lila,0701227000
6305,Dimiao,0701220000
6306,Valencia,0701247000
6307,Garcia Hernandez,0701222000
6308,Jagna,0701225000
6309,Duero,0701221000
6310,Guindulman,0701223000
6311,Anda,0701203000
6312,Candijay,0701211000
6313,Mabini,0701231000
6314,Alicia,0701202000
6315,Ubay,0701246000
6316,Loboc,0701229000
6317,Bilar,0701208000
6318,Batuan,0701207000
6319,Carmen,0701212000
6320,Sierra Bullones,0701240000
6321,Pilar,0701234000
6322,Dagohoy,0701217000
6323,San Miguel,0701238000
6324,Trinidad,0701244000
6325,Talibon,0701243000
6326,Bien Unido,0701248000
6327,Loon,0701230000
6328,Calape,0701210000
6329,Tubigon,0701245000
6330,Clarin,0701214000
6331,Sagbayan (Borja),0701236000
6332,Inabanga,0701224000
6333,Buenavista,0701209000
6334,Getafe,0701226000
6335,Antequera,0701204000
6336,Maribojoc,0701232000
6337,Corella,0701215000
6338,Sikatuna,0701241000
6339,Dauis,0701219000
6340,Panglao,0701233000
6341,Cortes,0701216000
6342,Balilihan,0701206000
6343,Catigbian,0701213000
6344,Danao,0701218000
6345,San Isidro,0701237000
6346,President Carlos P. Garcia (Pitogo),0701235000
6347,Sevilla,0701239000
6400,Catarman,0804805000
6401,Bobon,0804803000
6402,San Jose,0804819000
6403,Lope de Vega,0804824000
6404,Lavezares,0804811000
6405,Allen,0804801000
6406,Victoria,0804823000
6407,San Antonio,0804817000
6408,Capul,0804804000
6409,San Isidro,0804818000
6410,Biri,0804802000
6411,Laoang,0804808000
6412,Mapanas,0804812000
6413,Pambujan,0804815000
6414,Silvino Lobos,0804822000
6415,San Roque,0804820000
6416,Rosario,0804816000
6417,Mondragon,0804813000
6418,Catubig,0804806000
6419,San Vicente,0804821000
6420,Las Navas,0804810000
6421,Palapag,0804814000
6422,Gamay,0804807000
6423,Lapinig,0804809000
6500,Tacloban City,0831600000
6501,Palo,0803739000
6502,Tanauan,0803748000
6503,Tolosa,0803749000
6504,Tabontabon,0803746000
6505,Dulag,0803718000
6506,Julita,0803725000
6507,Mayorga,0803735000
6508,La Paz,0803728000
6509,Macarthur,0803730000
6510,Abuyog,0803701000
6511,Javier (Bugho),0803724000
6512,Mahaplag,0803731000
6513,Sta. Fe,0803744000
6514,Pastrana,0803741000
6515,Dagami,0803717000
6516,Burauen,0803710000
6517,Alangalang,0803702000
6518,San Miguel,0803743000
6519,Barugo,0803706000
6520,Babatngon,0803705000
6521,Baybay,0803708000
6522,Inopacan,0803721000
6523,Hindang,0803720000
6524,Hilongos,0803719000
6525,Bato,0803707000
6526,Matalom,0803734000
6527,Jaro,0803723000
6528,Tunga,0803750000
6529,Carigara,0803715000
6530,Capoocan,0803714000
6531,Kananga,0803726000
6532,Matag-ob,0803733000
6533,Leyte,0803729000
6534,Calubian,0803713000
6535,San Isidro,0803742000
6536,Tabango,0803745000
6537,Villaba,0803751000
6538,Palompon,0803740000
6539,Isabel,0803722000
6540,Merida,0803736000
6541,Ormoc City,0803738000
6542,Albuera,0803703000
6543,Naval,0807808000
6544,Almeria,0807801000
6545,Kawayan,0807806000
6546,Maripipi,0807807000
6547,Culaba,0807805000
6548,Caibiran,0807804000
6549,Biliran,0807802000
6550,Cabucgayan,0807803000
6600,Maasin,0806407000
6601,Macrohon,0806408000
6602,Padre Burgos,0806410000
6603,Malitbog,0806409000
6604,Bontoc,0806402000
6605,Tomas Oppus,0806418000
6606,Sogod,0806417000
6607,Silago,0806416000
6608,Hinunangan,0806403000
6609,Hinundayan,0806404000
6610,Anahawan,0806401000
6611,San Juan (Cabalian),0806414000
6612,Liloan,0806406000
6613,San Francisco,0806413000
6614,Pintuyan,0806411000
6615,Libagon,0806405000
6616,Saint Bernard,0806412000
6617,San Ricardo,0806415000
6618,Limasawa,0806419000
6700,Catbalogan,0806005000
6701,Jiabong,0806009000
6702,Motiong,0806012000
6703,Paranas,0806022000
6704,Tarangnan,0806020000
6705,Pagsanghan,0806026000
6706,Gandara,0806007000
6707,San Jorge,0806025000
6708,Matuguinao,0806011000
6709,Sta. Margarita,0806016000
6710,Calbayog City,0806003000
6711,Sto. Niño,0806018000
6712,Tagapul-an,0806024000
6713,Hinabangan,0806008000
6714,San Sebastian,0806015000
6715,Calbiga,0806004000
6716,Pinabacdao,0806013000
6717,Villareal,0806021000
6718,Sta. Rita,0806017000
6719,Talalora,0806019000
6720,Basey,0806002000
6721,Marabut,0806010000
6722,Daram,0806006000
6723,San Jose de Buan,0806014000
6724,Almagro,0806001000
6725,Zumarraga,0806023000
6800,Borongan,0802604000
6801,Balangkayan,0802603000
6802,Maydolong,0802615000
6803,Llorente,0802613000
6804,Hernani,0802610000
6805,General  MacArthur,0802607000
6806,Can-Avid,0802605000
6807,Salcedo,0802619000
6808,Mercedes,0802616000
6809,Guiuan,0802609000
6810,Quinapondan,0802618000
6811,Giporlos,0802608000
6812,Balangiga,0802602000
6813,Lawaan,0802612000
6814,San Julian,0802620000
6815,Sulat,0802622000
6816,Taft,0802623000
6817,Dolores,0802606000
6818,Oras,0802617000
6819,Jipapad,0802611000
6820,Maslog,0802614000
6821,San Policarpo,0802621000
6822,Arteche,0802601000
7000,Zamboanga City,0931700000
7001,Ipil,0908305000
7002,Roseller Lim,0908312000
7003,Titay,0908315000
7004,Naga,0908309000
7005,Kabasalan,0908306000
7006,Siay,0908313000
7007,Imelda,0908304000
7008,Payao,0908311000
7009,Buug,0908302000
7010,Mabuhay,0908307000
7011,Bayog,0907303000
7012,Talusan,0908314000
7013,Kumalarang,0907311000
7014,Lakewood,0907333000
7015,Dumalinao,0907307000
7016,Pagadian City,0907322000
7017,Labangan,0907312000
7018,Tungawan,0908316000
7019,Tukuran,0907330000
7020,Aurora,0907302000
7021,Midsalip,0907318000
7022,Sominot,0907340000
7023,Molave,0907319000
7024,Ramon Magsaysay,0907323000
7025,Tambulig,0907328000
7026,Mahayag,0907315000
7027,Josefina,0907337000
7028,Dumingag,0907308000
7029,San Miguel,0907324000
7030,Dinas,0907306000
7031,San Pablo,0907325000
7032,Dimataling,0907305000
7033,Pitogo,0907338000
7034,Tabina,0907327000
7035,Margo sa Tubig,0907317000
7036,Vincenzo A. Sagun,0907341000
7037,Lapuyan,0907313000
7038,Malangas,0908308000
7039,Diplahan,0908303000
7040,Alicia,0908301000
7041,Olutanga,0908310000
7042,Guipos,0907343000
7043,Tigbao,0907344000
7100,Dipolog City,0907202000
7101,Dapitan City,0907201000
7102,Pres. Manuel A. Roxas,0907211000
7103,Sibutad,0907217000
7104,Rizal,0907212000
7105,Piñan (New Piñan),0907209000
7106,Polanco,0907210000
7107,Mutia,0907208000
7108,Sergio Osmeña Sr.,0907214000
7109,Katipunan,0907203000
7110,Manukan,0907207000
7111,Jose Dalman (Ponot),0907222000
7112,Sindangan,0907218000
7113,Siayan,0907215000
7114,Salug,0907213000
7115,Liloy,0907206000
7116,Tampilisan,0907221000
7117,Labason,0907205000
7118,Gutalac,0907223000
7119,La Libertad,0907204000
7120,Siocon,0907219000
7121,Sirawai,0907220000
7122,Sibuco,0907216000
7123,Baliguian,0907224000
7124,Kalawit,0907227000
7125,Leon T. Postigo,0907226000
7126,Godod,0907225000
7200,Ozamiz City,1004210000
7201,Clarin,1004205000
7202,Tudela,1004216000
7203,Sinacaban,1004214000
7204,Jimenez,1004207000
7205,Panaon,1004211000
7206,Aloran,1004201000
7207,Oroquieta City,1004209000
7208,Lopez Jaena,1004208000
7209,Plaridel,1004212000
7210,Calamba,1004204000
7211,Baliangao,1004202000
7212,Sapang dalaga,1004213000
7213,Concepcion,1004206000
7214,Tangub City,1004215000
7215,Bonifacio,1004203000
7216,Don Victoriano,1004217000
7300,Isabela City,0990101000
7301,Lantawan,1900703000
7302,Lamitan,1900702000
7303,Maluso,1900704000
7304,Tipo-Tipo,1900706000
7305,Sumisip,1900705000
7306,Tuburan,1900707000
7307,Akbar,1900708000
7308,Al-Barka,1900709000
7309,Hadji Mohammad Ajul,1900710000
7310,Hadji Muhtamad,1900712000
7311,Ungkaya Pukan,1900711000
7312,Tabuan-Lasa,1900713000
7400,Jolo,0906602000
7401,Patikul,0906611000
7402,Old Panamao,0906607000
7403,Talipao,0906613000
7404,Luuk,0906604000
7405,Pata,0906610000
7406,Tongkil,0906615000
7407,Indanan,0906601000
7408,Parang,0906609000
7409,Maimbung,0906605000
7410,Tapul,0906614000
7411,Lugus,0906617000
7412,Siasi,0906612000
7413,Hadji Panglima Tahil (formerly Marungas),0906606000
7414,Pangutaran,0906608000
7415,Panglima Estino,0906616000
7416,Kalingalan Caluang,0906603000
7417,Omar,0906619000
7418,Pandami,0906618000
7500,Bongao,1907002000
7501,Panglima Sugala (formerly Balimbing),1907001000
7502,Tandu Bas,1907007000
7503,Sapa-Sapa,1907010000
7504,South Ubian,1907006000
7505,Simunul,1907004000
7506,Sitangkai,1907005000
7507,Turtle Islands,1907008000
7508,Mapun (formerly Cagayan de Sulu),1907003000
7509,Languyan,1907009000
7510,Sibutu,1907011000
8000,Davao City,1130700000
8001,Santa Cruz,1102412000
8002,Digos,1102403000
8003,Matanao,1102410000
8004,Magsaysay,1102407000
8005,Bansalan,1102401000
8006,Hagonoy,1102404000
8007,Padada,1102411000
8008,Kiblawan,1102406000
8009,Sulop,1102414000
8010,Malalag,1102408000
8011,Santa Maria,1108604000
8012,Malita,1108603000
8013,Don Marcelino,1108601000
8014,Jose Abad Santos,1108602000
8015,Sarangani,1108605000
8100,Tagum,1102319000
8101,Carmen,1102303000
8102,Asuncion (formerly Saug),1102301000
8103,Laak (San Vicente),1108202000
8104,New Corella,1102314000
8105,Panabo,1102315000
8106,Braulio E. Dujali,1102323000
8107,Talaingod,1102322000
8108,Mawab,1108206000
8110,New Bataan,1108210000
8111,Monkayo,1108207000
8112,Santo Tomas,1102318000
8113,Kapalong,1102305000
8114,Maco,1108204000
8116,Maragusan (San Mariano),1108205000
8117,Pantukan,1108211000
8118,Island Garden City of Samal,1102317000
8119,Island Garden City of Samal,1102317000
8120,Island Garden City of Samal,1102317000
8121,Sawata,1102324000
8200,Mati,1102509000
8201,Tarragona,1102511000
8202,Manay,1102508000
8203,Caraga,1102504000
8204,Baganga,1102501000
8205,Cateel,1102505000
8206,Boston,1102503000
8207,Lupon,1102507000
8208,Banaybanay,1102502000
8209,San Isidro,1102510000
8210,Governor Generoso,1102506000
8300,Tandag,1606819000
8301,San Miguel,1606816000
8302,Tago,1606818000
8303,Bayabas,1606802000
8304,Cagwait,1606804000
8305,San Agustin,1606815000
8306,Marihatag,1606814000
8307,Lianga,1606811000
8308,Tagbina,1606817000
8309,Barobo,1606801000
8310,Hinatuan,1606809000
8311,Bislig,1606803000
8312,Lingig,1606812000
8313,Cortes,1606808000
8314,Lanuza,1606810000
8315,Carmen,1606806000
8316,Madrid,1606813000
8317,Cantilan,1606805000
8318,Carrascal,1606807000
8400,Surigao City,1606724000
8401,San Francisco,1606719000
8402,Malimono,1606715000
8403,Tagana-an,1606725000
8404,Sison,1606722000
8405,Placer,1606717000
8406,Tubod,1606727000
8407,Mainit,1606714000
8408,Bacuag,1606702000
8409,Gigaquit,1606711000
8410,Claver,1606706000
8411,Cagdianao,1608502000
8412,Dinagat,1608503000
8413,Basilisa (formerly Rizal),1608501000
8414,Libjo (formerly Albor),1608504000
8415,Loreto,1608505000
8416,Socorro,1606723000
8417,Dapa,1606707000
8418,Del Carmen,1606708000
8419,General Luna,1606710000
8420,Pilar,1606716000
8421,San Isidro,1606720000
8422,Sta. Monica,1606721000
8423,San Benito,1606718000
8424,Burgos,1606704000
8425,Alegria,1606701000
8426,Tubajon,1608507000
8427,San Jose,1608506000
8500,Prosperidad,1600306000
8501,San Francisco,1600308000
8502,Bayugan,1600301000
8503,Sibagat,1600314000
8504,Rosario,1600307000
8505,Trento,1600312000
8506,Bunawan,1600302000
8507,Loreto,1600305000
8508,La Paz,1600304000
8509,Veruela,1600313000
8510,Talacogon,1600311000
8511,San Luis,1600309000
8512,Sta. Josefa,1600310000
8513,Esperanza,1600303000
8600,Butuan City,1630400000
8601,Buenavista,1600201000
8602,Nasipit,1600209000
8603,Carmen,1600204000
8604,Magallanes,1600208000
8605,Cabadbaran,1600203000
8606,Tubay,1600211000
8607,Jabonga,1600205000
8608,Santiago,1600210000
8609,Kitcharao,1600206000
8610,Las Nieves,1600207000
8611,Remedios T. Romualdez,1600212000
8700,Malaybalay,1001312000
8701,Sumilao,1001319000
8702,Impasugong,1001305000
8703,Manolo Fortich,1001314000
8704,Malitbog,1001313000
8706,Libona,1001311000
8707,Baungon,1001301000
8708,Talakag,1001320000
8709,Valencia,1001321000
8711,San Fernando,1001318000
8712,Don Carlos,1001304000
8713,Kadingilan,1001306000
8714,Maramag,1001315000
8715,Quezon,1001317000
8716,Kitaotao,1001309000
8717,Pangantucan,1001316000
8718,Kalilangan,1001307000
8719,Dangcagan,1001303000
8720,Kibawe,1001308000
8721,Damulog,1001302000
8722,Lantapan,1001310000
8723,Cabanglasan,1001322000
8800,Nabunturan,1108209000
8801,Montevista,1108208000
8802,Mawab,1108206000
8803,Compostela,1108201000
8804,New Bataan,1108210000
8805,Monkayo,1108207000
8806,Maco,1108204000
8807,Mabini,1108203000
8808,Maragusan (formerly San Mariano),1108205000
8809,Pantukan,1108211000
8810,Laak (formerly San Vicente),1108202000
9000,Cagayan de Oro City,1030500000
9001,Tagoloan,1004324000
9002,Villanueva,1004326000
9003,Jasaan,1004311000
9004,Claveria,1004306000
9005,Balingasag,1004302000
9006,Lagonglong,1004313000
9007,Salay,1004322000
9008,Binuangan,1004304000
9009,Sugbongcogon,1004323000
9010,Kinoguitan,1004312000
9011,Balingoan,1004303000
9012,Talisayan,1004325000
9013,Medina,1004319000
9014,Gingoog City,1004308000
9015,Magsaysay,1004317000
9016,Opol,1004321000
9017,El Salvador,1004307000
9018,Alubijid,1004301000
9019,Laguindingan,1004314000
9020,Gitagum,1004309000
9021,Libertad,1004315000
9022,Initao,1004310000
9023,Naawan,1004320000
9024,Manticao,1004318000
9025,Lugait,1004316000
9100,Mambajao,1001804000
9101,Mahinog,1001803000
9102,Guinsiliban,1001802000
9103,Sagay,1001805000
9104,Catarman,1001801000
9200,Iligan City,1030900000
9201,Linamon,1003510000
9202,Kauswagan,1003507000
9203,Matungao,1003513000
9204,Poona Piagapo,1003517000
9205,Bacolod,1003501000
9206,Maigo,1003512000
9207,Kolambugan,1003508000
9208,Pantao Ragat,1003516000
9209,Tubod,1003522000
9210,Baroy,1003503000
9211,Lala,1003509000
9212,Salvador,1003518000
9213,Sapad,1003519000
9214,Kapatagan,1003505000
9215,Sultan Naga Dimaporo (formerly Karomatan),1003506000
9216,Nunungan,1003515000
9217,Baloi,1003502000
9218,Pantar,1003523000
9219,Munai,1003514000
9220,Tangcal,1003521000
9221,Magsaysay,1003511000
9222,Tagoloan,1003520000
9300,Malabang,1903615000
9301,Picong (formerly Sultan Gumander),1903635000
9302,Balabagan,1903602000
9303,Marogong,1903631000
9304,Tubaran,1903628000
9305,Butig,1903607000
9306,Lumbayanague,1903636000
9307,Lumbatan,1903612000
9309,Bayang,1903604000
9310,Binidayan,1903605000
9311,Ganassi,1903609000
9312,Pagayawan,1903620000
9313,Pualas,1903623000
9314,Madamba,1903614000
9315,Madalum,1903613000
9316,Bacolod-Kalawi,1903601000
9317,Tugaya,1903629000
9318,Balindong,1903603000
9319,Calanogas,1903632000
9320,Amai Manabilang,1903637000
9321,Tagoloan - II,1903638000
9322,Kapatagan,1903639000
9323,Lumbaca Unayan,1903641000
9324,Sultan Dumalondong,1903640000
9400,Kidapawan,1204704000
9401,Makilala,1204707000
9402,M'lang,1204710000
9403,Tulunan,1204714000
9404,Magpet,1204706000
9405,President Roxas,1204713000
9406,Matalam,1204708000
9407,Kabacan,1204703000
9407,Old Kaabakan,1999902000
9408,Carmen,1204702000
9408,Kapalawan,1999901000
9409,Ligawasan,1999907000
9409,Malidegao,1999906000
9409,Pikit,1204712000
9409,Tugunan,1999908000
9410,Kadayangan,1999903000
9410,Midsayap,1204709000
9410,Nabalawag,1999904000
9411,Libungan,1204705000
9412,Pahamuddin,1999905000
9412,Pigkawayan,1204711000
9413,Alamada,1204701000
9414,Antipas,1204715000
9415,Aleosan,1204717000
9415,Nabalawag,1999904000
9415,Tugunan,1999908000
9416,Banisilan,1204716000
9417,Arakan,1204718000
9500,General Santos City,1230800000
9501,Alabel,1208001000
9502,Maasim,1208004000
9503,Malungon,1208007000
9504,Polomolok,1206312000
9505,Tupi,1206317000
9506,Koronadal,1206306000
9507,Tampakan,1206314000
9508,Norala,1206311000
9509,Sto. Niño,1206318000
9510,Tantangan,1206315000
9511,Banga,1206302000
9512,Surallah,1206313000
9513,T'boli,1206316000
9514,Kiamba,1208003000
9515,Maitum,1208005000
9516,Malapatan,1208006000
9517,Glan,1208002000
9518,Lake Sebu,1206319000
9600,Cotabato City,1908703000
9601,Datu Odin Sinsuat,1908705000
9602,Upi,1908713000
9603,South Upi,1908822000
9604,Parang,1908709000
9605,Sultan Kudarat,1908710000
9606,Kabuntalan,1908706000
9607,Datu Piang,1908807000
9608,Shariff Aguak,1908820000
9609,Ampatuan,1908801000
9610,Pagalungan,1908816000
9611,Sultan Sa Barongis,1908823000
9612,Talayan,1908824000
9613,Matanog,1908707000
9614,Barira,1908701000
9615,Buldon,1908702000
9616,Buluan,1908802000
9617,Datu Paglas,1908806000
9618,Gen. S.K. Pendatun,1908811000
9620,Mangudadatu,1908814000
9621,Datu Abdullah Sangki,1908803000
9622,Datu Anggal Midtimbang,1908804000
9623,Datu Blah T. Sinsuat,1908704000
9624,Datu Hoffer Ampatuan,1908805000
9625,Datu Salibo,1908808000
9626,Datu Saudi Ampatuan,1908809000
9627,Datu Unsay,1908810000
9628,Guindulungan,1908812000
9629,Mamasapano,1908813000
9630,Northern Kabuntalan,1908708000
9631,Pagagawan,1908815000
9632,Paglat,1908817000
9633,Pandag,1908818000
9634,Rajah Buayan,1908819000
9635,Shariff Saydona Mustapha,1908821000
9636,Sultan Mastura,1908711000
9637,Talitay,1908712000
9700,Marawi City,1903617000
9701,Saguiaran,1903625000
9702,Mulondo,1903619000
9703,Lumba Bayabao,1903611000
9704,Tamparan,1903626000
9705,Poona Bayabao,1903622000
9706,Masiu,1903618000
9708,Bubong,1903606000
9709,Kapai,1903610000
9710,Piagapo,1903621000
9711,Marantao,1903616000
9712,Taraka,1903627000
9713,Ditsaan-Ramain,1903624000
9714,Buadiposo Buntong,1903633000
9715,Maguing,1903634000
9716,Wao,1903630000
9800,Tacurong,1206511000
9801,Columbio,1206502000
9802,Lambayong,1206508000
9803,Lutayan,1206507000
9804,President Quirino,1206510000
9805,Isulan,1206504000
9806,Esperanza (Ampatuan),1206503000
9807,Lebak (Salaman),1206506000
9808,Kalamansig,1206505000
9809,Palimbang,1206509000
9810,Bagumbayan,1206501000
9811,Sen. Ninoy Aquino,1206512000
