psgc_code,code,name,region_psgc,level
0102800000,ILN,Ilocos Norte,0100000000,Province
0102900000,ILS,Ilocos Sur,0100000000,Province
0103300000,LUN,La Union,0100000000,Province
0105500000,PAN,Pangasinan,0100000000,Province
0200900000,BTN,Batanes,0200000000,Province
0201500000,CAG,Cagayan,0200000000,Province
0203100000,ISA,Isabela,0200000000,Province
0205000000,NUV,Nueva Vizcaya,0200000000,Province
0205700000,QUI,Quirino,0200000000,Province
0307700000,AUR,Aurora,0300000000,Province
0300800000,BAN,Bataan,0300000000,Province
0301400000,BUL,Bulacan,0300000000,Province
0304900000,NUE,Nueva Ecija,0300000000,Province
0305400000,PAM,Pampanga,0300000000,Province
0306900000,TAR,Tarlac,0300000000,Province
0307100000,ZMB,Zambales,0300000000,Province
0401000000,BTG,Batangas,0400000000,Province
0402100000,CAV,Cavite,0400000000,Province
0403400000,LAG,Laguna,0400000000,Province
0405600000,QUE,Quezon,0400000000,Province
0405800000,RIZ,Rizal,0400000000,Province
0500500000,ALB,Albay,0500000000,Province
0501600000,CAN,Camarines Norte,0500000000,Province
0501700000,CAS,Camarines Sur,0500000000,Province
0502000000,CAT,Catanduanes,0500000000,Province
0504100000,MAS,Masbate,0500000000,Province
0506200000,SOR,Sorsogon,0500000000,Province
0600400000,AKL,Aklan,0600000000,Province
0600600000,ANT,Antique,0600000000,Province
0601900000,CAP,Capiz,0600000000,Province
0607900000,GUI,Guimaras,0600000000,Province
0603000000,ILI,Iloilo,0600000000,Province
0701200000,BOH,Bohol,0700000000,Province
0702200000,CEB,Cebu,0700000000,Province
0807800000,BIL,Biliran,0800000000,Province
0802600000,EAS,Eastern Samar,0800000000,Province
0803700000,LEY,Leyte,0800000000,Province
0804800000,NSA,Northern Samar,0800000000,Province
0806000000,WSA,Samar,0800000000,Province
0806400000,SLE,Southern Leyte,0800000000,Province
0906600000,SLU,Sulu,0900000000,Province
0907200000,ZAN,Zamboanga del Norte,0900000000,Province
0907300000,ZAS,Zamboanga del Sur,0900000000,Province
0908300000,ZSI,Zamboanga Sibugay,0900000000,Province
1001300000,BUK,Bukidnon,1000000000,Province
1001800000,CAM,Camiguin,1000000000,Province
1003500000,LAN,Lanao del Norte,1000000000,Province
1004200000,MSC,Misamis Occidental,1000000000,Province
1004300000,MSR,Misamis Oriental,1000000000,Province
1108200000,COM,Davao de Oro,1100000000,Province
1102300000,DAV,Davao del Norte,1100000000,Province
1102400000,DAS,Davao del Sur,1100000000,Province
1108600000,DVO,Davao Occidental,1100000000,Province
1102500000,DAO,Davao Oriental,1100000000,Province
1204700000,NCO,Cotabato,1200000000,Province
1208000000,SAR,Sarangani,1200000000,Province
1206300000,SCO,South Cotabato,1200000000,Province
1206500000,SUK,Sultan Kudarat,1200000000,Province
,NCR,Metro Manila,1300000000,Metropolitan area
1400100000,ABR,Abra,1400000000,Province
1408100000,APA,Apayao,1400000000,Province
1401100000,BEN,Benguet,1400000000,Province
1402700000,IFU,Ifugao,1400000000,Province
1403200000,KAL,Kalinga,1400000000,Province
1404400000,MOU,Mountain Province,1400000000,Province
1600200000,AGN,Agusan del Norte,1600000000,Province
1600300000,AGS,Agusan del Sur,1600000000,Province
1608500000,DIN,Dinagat Islands,1600000000,Province
1606700000,SUN,Surigao del Norte,1600000000,Province
1606800000,SUR,Surigao del Sur,1600000000,Province
1704000000,MAD,Marinduque,1700000000,Province
1705100000,MDC,Occidental Mindoro,1700000000,Province
1705200000,MDR,Oriental Mindoro,1700000000,Province
1705300000,PLW,Palawan,1700000000,Province
1705900000,ROM,Romblon,1700000000,Province
1804500000,NEC,Negros Occidental,1800000000,Province
1804600000,NER,Negros Oriental,1800000000,Province
1806100000,SIG,Siquijor,1800000000,Province
1900700000,BAS,Basilan,1900000000,Province
1903600000,LAS,Lanao del Sur,1900000000,Province
1908700000,MGN,Maguindanao del Norte,1900000000,Province
1908800000,MGS,Maguindanao del Sur,1900000000,Province
1999900000,SGA,Special Geographic Area (BARMM),1900000000,Special Geographic Area
1907000000,TAW,Tawi-Tawi,1900000000,Province
